name,image
ambrosiana-01,/img/apartment_images/ambrosiana-01.jpg
ambrosiana-02,/img/apartment_images/ambrosiana-02.jpg
ambrosiana-03,/img/apartment_images/ambrosiana-03.jpg
bonomi_01,/img/apartment_images/bonomi_01.jpg
bonomi_02,/img/apartment_images/bonomi_02.jpg
bonomi_03,/img/apartment_images/bonomi_03.jpg
casa_cavalli_01,/img/apartment_images/casa_cavalli_01.jpg
casa_cavalli_02,/img/apartment_images/casa_cavalli_02.jpg
casa_cavalli_03,/img/apartment_images/casa_cavalli_03.jpg
casa_cova_01,/img/apartment_images/casa_cova_01.jpg
casa_cova_02,/img/apartment_images/casa_cova_02.jpg
casa_cova_03,/img/apartment_images/casa_cova_03.jpg
casa_dugnani_01,/img/apartment_images/casa_dugnani_01.jpg
casa_dugnani_02,/img/apartment_images/casa_dugnani_02.jpg
casa_dugnani_03,/img/apartment_images/casa_dugnani_03.jpg
casa_lentati_01,/img/apartment_images/casa_lentati_01.jpg
casa_lentati_02,/img/apartment_images/casa_lentati_02.jpg
casa_lentati_03,/img/apartment_images/casa_lentati_03.jpg
loggia_osii-01,/img/apartment_images/loggia_osii-01.jpg
loggia_osii-02,/img/apartment_images/loggia_osii-02.jpg
loggia_osii-03,/img/apartment_images/loggia_osii-03.jpg
luigi_broggi_01,/img/apartment_images/luigi_broggi_01.jpg
luigi_broggi_02,/img/apartment_images/luigi_broggi_02.jpg
luigi_broggi_03,/img/apartment_images/luigi_broggi_03.jpg
malpighi_01,/img/apartment_images/malpighi_01.jpg
malpighi_02,/img/apartment_images/malpighi_02.jpg
malpighi_03,/img/apartment_images/malpighi_03.jpg
palazzo_al _n_36_01,/img/apartment_images/palazzo_al _n_36_01.jpg
palazzo_al _n_36_02,/img/apartment_images/palazzo_al _n_36_02.jpg
palazzo_al _n_36_03,/img/apartment_images/palazzo_al _n_36_03.jpg
palazzo_argentina_01,/img/apartment_images/palazzo_argentina_01.jpg
palazzo_argentina_02,/img/apartment_images/palazzo_argentina_02.jpg
palazzo_argentina_03,/img/apartment_images/palazzo_argentina_03.jpg
palazzo_brentani_01,/img/apartment_images/palazzo_brentani_01.jpg
palazzo_brentani_02,/img/apartment_images/palazzo_brentani_02.jpg
palazzo_brentani_03,/img/apartment_images/palazzo_brentani_03.jpg
palazzo_cusani_01,/img/apartment_images/palazzo_cusani_01.jpg
palazzo_cusani_02,/img/apartment_images/palazzo_cusani_02.jpg
palazzo_cusani_03,/img/apartment_images/palazzo_cusani_03.jpg
palazzo_litta_cusini_01,/img/apartment_images/palazzo_litta_cusini_01.jpg
palazzo_litta_cusini_02,/img/apartment_images/palazzo_litta_cusini_02.jpg
palazzo_litta_cusini_03,/img/apartment_images/palazzo_litta_cusini_03.jpg
palazzo_mezzanotte_01,/img/apartment_images/palazzo_mezzanotte_01.jpg
palazzo_mezzanotte_02,/img/apartment_images/palazzo_mezzanotte_02.jpg
palazzo_mezzanotte_03,/img/apartment_images/palazzo_mezzanotte_03.jpg
palazzo_pozzo_benni_01,/img/apartment_images/palazzo_pozzo_benni_01.jpg
palazzo_pozzo_benni_02,/img/apartment_images/palazzo_pozzo_benni_02.jpg
palazzo_pozzo_benni_03,/img/apartment_images/palazzo_pozzo_benni_03.jpg
palazzo_taverna_01,/img/apartment_images/palazzo_taverna_01.jpg
palazzo_taverna_02,/img/apartment_images/palazzo_taverna_02.jpg
palazzo_taverna_03,/img/apartment_images/palazzo_taverna_03.jpg
palazzo_turati_01,/img/apartment_images/palazzo_turati_01.jpg
palazzo_turati_02,/img/apartment_images/palazzo_turati_02.jpg
palazzo_turati_03,/img/apartment_images/palazzo_turati_03.jpg
torre_moriggia_01,/img/apartment_images/torre_moriggia_01.jpg
torre_moriggia_02,/img/apartment_images/torre_moriggia_02.jpg
torre_moriggia_03,/img/apartment_images/torre_moriggia_03.jpg
villino_maria_luisa_01,/img/apartment_images/villino_maria_luisa_01.jpg
villino_maria_luisa_02,/img/apartment_images/villino_maria_luisa_02.jpg
villino_maria_luisa_03,/img/apartment_images/villino_maria_luisa_03.jpg